{
    "STATUS": [
        {
            "STATUS": "S",
            "When": 1630325873,
            "Code": 9,
            "Msg": "4 ASC(s)",
            "Description": "cgminer 4.10.0"
        }
    ],
    "DEVS": [
        {
            "Name": "C12",
            "Enabled": "Y",
            "Status": "Alive",
            "Temperature": 0.00,
            "MHS av": 12738654.56,
            "MHS 5s": 11049846.31,
            "MHS 1m": 12436310.88,
            "MHS 5m": 8026011.54,
            "MHS 15m": 3709713.30,
            "Accepted": 157,
            "Rejected": 0,
            "Hardware Errors": 892,
            "Utility": 59.56,
            "Last Share Pool": 0,
            "Last Share Time": 1630325848,
            "Total MH": 2014854788.0000,
            "Diff1 Work": 3665,
            "Difficulty Accepted": 600576.00000000,
            "Difficulty Rejected": 0.00000000,
            "Last Share Difficulty": 65536.00000000,
            "Last Valid Work": 1630325873,
            "Device Hardware%": 19.5743,
            "Device Rejected%": 0.0000,
            "Device Elapsed": 158
        },
        {
            "Name": "C12",
            "Enabled": "Y",
            "Status": "Alive",
            "Temperature": 0.00,
            "MHS av": 12780350.51,
            "MHS 5s": 12239167.66,
            "MHS 1m": 12543343.85,
            "MHS 5m": 8094390.45,
            "MHS 15m": 3744194.13,
            "Accepted": 174,
            "Rejected": 0,
            "Hardware Errors": 5,
            "Utility": 66.01,
            "Last Share Pool": 0,
            "Last Share Time": 1630325868,
            "Total MH": 2021451861.0000,
            "Diff1 Work": 3676,
            "Difficulty Accepted": 284160.00000000,
            "Difficulty Rejected": 0.00000000,
            "Last Share Difficulty": 65536.00000000,
            "Last Valid Work": 1630325873,
            "Device Hardware%": 0.1358,
            "Device Rejected%": 0.0000,
            "Device Elapsed": 158
        },
        {
            "Name": "C12",
            "Enabled": "Y",
            "Status": "Alive",
            "Temperature": 0.00,
            "MHS av": 12954126.11,
            "MHS 5s": 14330037.99,
            "MHS 1m": 13150194.96,
            "MHS 5m": 8129497.01,
            "MHS 15m": 3728362.58,
            "Accepted": 162,
            "Rejected": 0,
            "Hardware Errors": 2,
            "Utility": 61.45,
            "Last Share Pool": 0,
            "Last Share Time": 1630325817,
            "Total MH": 2048939657.0000,
            "Diff1 Work": 3724,
            "Difficulty Accepted": 473088.00000000,
            "Difficulty Rejected": 0.00000000,
            "Last Share Difficulty": 65536.00000000,
            "Last Valid Work": 1630325873,
            "Device Hardware%": 0.0537,
            "Device Rejected%": 0.0000,
            "Device Elapsed": 158
        },
        {
            "Name": "C12",
            "Enabled": "Y",
            "Status": "Alive",
            "Temperature": 0.00,
            "MHS av": 13103571.06,
            "MHS 5s": 14554704.10,
            "MHS 1m": 13035411.76,
            "MHS 5m": 8125869.78,
            "MHS 15m": 3725412.42,
            "Accepted": 153,
            "Rejected": 0,
            "Hardware Errors": 3,
            "Utility": 58.04,
            "Last Share Pool": 0,
            "Last Share Time": 1630325818,
            "Total MH": 2072579151.0000,
            "Diff1 Work": 3774,
            "Difficulty Accepted": 403456.00000000,
            "Difficulty Rejected": 0.00000000,
            "Last Share Difficulty": 65536.00000000,
            "Last Valid Work": 1630325873,
            "Device Hardware%": 0.0794,
            "Device Rejected%": 0.0000,
            "Device Elapsed": 158
        }
    ],
    "id": 1
}