{
    "STATUS": [
        {
            "STATUS": "S",
            "When": 1630325626,
            "Code": 70,
            "Msg": "CGMiner stats",
            "Description": "cgminer 4.10.0"
        }
    ],
    "STATS": [
        {
            "STATS": 0,
            "ID": "C120",
            "Elapsed": 295,
            "Calls": 0,
            "Wait": 0.000000,
            "Max": 0.000000,
            "Min": 99999999.000000,
            "Chain ID": "1",
            "Name": "C12",
            "Enabled": "Y",
            "Status": "Alive",
            "MHS av": 3502714.79,
            "MHS 5s": 8177194.28,
            "MHS 1m": 5954563.78,
            "MHS 5m": 2588379.99,
            "MHS 15m": 1037683.49,
            "Accepted": 13,
            "Rejected": 0,
            "Hardware Errors": 441,
            "Diff1 Work": 1878,
            "Difficulty Accepted": 253952.00000000,
            "Difficulty Rejected": 0.00000000,
            "Last Share Difficulty": 8192.00000000,
            "Last Valid Work": 1630325626,
            "Device Hardware%": 19.0168,
            "Device Rejected%": 0.0000,
            "Device Elapsed": 295,
            "Chain Enabled": "Y",
            "Chain BIN": "6",
            "Chip Count": 108,
            "Device Diff": 128,
            "Device Freq": 567,
            "Temp Avg": 55.79,
            "Voltage Avg": 353.552,
            "Voltage": 12970.000,
            "Power Consumption": 2010.350,
            "Fan Duty": 0.00,
            "Fan0 Speed": 1560,
            "Fan1 Speed": 1440,
            "Fan2 Speed": 1560,
            "Fan3 Speed": 1560
        },
        {
            "STATS": 1,
            "ID": "C121",
            "Elapsed": 295,
            "Calls": 0,
            "Wait": 0.000000,
            "Max": 0.000000,
            "Min": 99999999.000000,
            "Chain ID": "2",
            "Name": "C12",
            "Enabled": "Y",
            "Status": "Alive",
            "MHS av": 3553073.26,
            "MHS 5s": 8518247.07,
            "MHS 1m": 6252655.55,
            "MHS 5m": 2638094.67,
            "MHS 15m": 1053975.71,
            "Accepted": 15,
            "Rejected": 0,
            "Hardware Errors": 1,
            "Diff1 Work": 1913,
            "Difficulty Accepted": 344064.00000000,
            "Difficulty Rejected": 0.00000000,
            "Last Share Difficulty": 8192.00000000,
            "Last Valid Work": 1630325626,
            "Device Hardware%": 0.0522,
            "Device Rejected%": 0.0000,
            "Device Elapsed": 295,
            "Chain Enabled": "Y",
            "Chain BIN": "6",
            "Chip Count": 108,
            "Device Diff": 128,
            "Device Freq": 567,
            "Temp Avg": 54.56,
            "Voltage Avg": 352.673,
            "Voltage": 12970.000,
            "Power Consumption": 2010.350,
            "Fan Duty": 0.00,
            "Fan0 Speed": 1560,
            "Fan1 Speed": 1440,
            "Fan2 Speed": 1560,
            "Fan3 Speed": 1560
        },
        {
            "STATS": 2,
            "ID": "C122",
            "Elapsed": 295,
            "Calls": 0,
            "Wait": 0.000000,
            "Max": 0.000000,
            "Min": 99999999.000000,
            "Chain ID": "3",
            "Name": "C12",
            "Enabled": "Y",
            "Status": "Alive",
            "MHS av": 3338583.32,
            "MHS 5s": 7612815.82,
            "MHS 1m": 5694417.36,
            "MHS 5m": 2465995.60,
            "MHS 15m": 988771.13,
            "Accepted": 11,
            "Rejected": 0,
            "Hardware Errors": 6,
            "Diff1 Work": 1792,
            "Difficulty Accepted": 188416.00000000,
            "Difficulty Rejected": 0.00000000,
            "Last Share Difficulty": 8192.00000000,
            "Last Valid Work": 1630325626,
            "Device Hardware%": 0.3337,
            "Device Rejected%": 0.0000,
            "Device Elapsed": 295,
            "Chain Enabled": "Y",
            "Chain BIN": "6",
            "Chip Count": 108,
            "Device Diff": 128,
            "Device Freq": 567,
            "Temp Avg": 55.21,
            "Voltage Avg": 352.608,
            "Voltage": 12970.000,
            "Power Consumption": 2010.350,
            "Fan Duty": 0.00,
            "Fan0 Speed": 1560,
            "Fan1 Speed": 1440,
            "Fan2 Speed": 1560,
            "Fan3 Speed": 1560
        },
        {
            "STATS": 3,
            "ID": "C123",
            "Elapsed": 295,
            "Calls": 0,
            "Wait": 0.000000,
            "Max": 0.000000,
            "Min": 99999999.000000,
            "Chain ID": "4",
            "Name": "C12",
            "Enabled": "Y",
            "Status": "Alive",
            "MHS av": 3351639.18,
            "MHS 5s": 8489494.26,
            "MHS 1m": 5835108.73,
            "MHS 5m": 2488861.10,
            "MHS 15m": 994553.27,
            "Accepted": 8,
            "Rejected": 0,
            "Hardware Errors": 5,
            "Diff1 Work": 1798,
            "Difficulty Accepted": 163840.00000000,
            "Difficulty Rejected": 0.00000000,
            "Last Share Difficulty": 8192.00000000,
            "Last Valid Work": 1630325626,
            "Device Hardware%": 0.2773,
            "Device Rejected%": 0.0000,
            "Device Elapsed": 295,
            "Chain Enabled": "Y",
            "Chain BIN": "6",
            "Chip Count": 108,
            "Device Diff": 128,
            "Device Freq": 567,
            "Temp Avg": 55.17,
            "Voltage Avg": 352.730,
            "Voltage": 12970.000,
            "Power Consumption": 2010.350,
            "Fan Duty": 0.00,
            "Fan0 Speed": 1560,
            "Fan1 Speed": 1440,
            "Fan2 Speed": 1560,
            "Fan3 Speed": 1560
        },
        {
            "STATS": 4,
            "ID": "POOL0",
            "Elapsed": 295,
            "Calls": 0,
            "Wait": 0.000000,
            "Max": 0.000000,
            "Min": 99999999.000000,
            "Pool Calls": 0,
            "Pool Attempts": 0,
            "Pool Wait": 0.000000,
            "Pool Max": 0.000000,
            "Pool Min": 99999999.000000,
            "Pool Av": 0.000000,
            "Work Had Roll Time": false,
            "Work Can Roll": false,
            "Work Had Expire": false,
            "Work Roll Time": 0,
            "Work Diff": 512.00000000,
            "Min Diff": 512.00000000,
            "Max Diff": 32768.00000000,
            "Min Diff Count": 897,
            "Max Diff Count": 7859,
            "Times Sent": 50,
            "Bytes Sent": 6636,
            "Times Recv": 68,
            "Bytes Recv": 23351,
            "Net Bytes Sent": 6636,
            "Net Bytes Recv": 23351
        },
        {
            "STATS": 5,
            "ID": "POOL1",
            "Elapsed": 295,
            "Calls": 0,
            "Wait": 0.000000,
            "Max": 0.000000,
            "Min": 99999999.000000,
            "Pool Calls": 0,
            "Pool Attempts": 0,
            "Pool Wait": 0.000000,
            "Pool Max": 0.000000,
            "Pool Min": 99999999.000000,
            "Pool Av": 0.000000,
            "Work Had Roll Time": false,
            "Work Can Roll": false,
            "Work Had Expire": false,
            "Work Roll Time": 0,
            "Work Diff": 0.00000000,
            "Min Diff": 0.00000000,
            "Max Diff": 0.00000000,
            "Min Diff Count": 0,
            "Max Diff Count": 0,
            "Times Sent": 3,
            "Bytes Sent": 292,
            "Times Recv": 7,
            "Bytes Recv": 5097,
            "Net Bytes Sent": 292,
            "Net Bytes Recv": 5097
        },
        {
            "STATS": 6,
            "ID": "POOL2",
            "Elapsed": 295,
            "Calls": 0,
            "Wait": 0.000000,
            "Max": 0.000000,
            "Min": 99999999.000000,
            "Pool Calls": 0,
            "Pool Attempts": 0,
            "Pool Wait": 0.000000,