{
    "STATUS": [
        {
            "STATUS": "S",
            "When": 1630742128,
            "Code": 9,
            "Msg": "3 ASC(s)",
            "Description": "cgminer 4.10.0"
        }
    ],
    "DEVS": [
        {
            "Name": "C3012",
            "Enabled": "Y",
            "Status": "Alive",
            "Temperature": 0.00,
            "MHS av": 29114962.18,
            "MHS 5s": 29872656.95,
            "MHS 1m": 28466035.29,
            "MHS 5m": 29071101.07,
            "MHS 15m": 29159463.04,
            "Accepted": 535,
            "Rejected": 4,
            "Hardware Errors": 268,
            "Utility": 3.37,
            "Last Share Pool": 0,
            "Last Share Time": 1630742090,
            "Total MH": 277683852868.0000,
            "Diff1 Work": 63138,
            "Difficulty Accepted": 64880640.00000000,
            "Difficulty Rejected": 114688.00000000,
            "Last Share Difficulty": 131072.00000000,
            "Last Valid Work": 1630742128,
            "Device Hardware%": 0.4227,
            "Device Rejected%": 181.6466,
            "Device Elapsed": 9537
        },
        {
            "Name": "C3012",
            "Enabled": "Y",
            "Status": "Alive",
            "Temperature": 0.00,
            "MHS av": 29143551.85,
            "MHS 5s": 29423881.14,
            "MHS 1m": 28979507.34,
            "MHS 5m": 28776144.84,
            "MHS 15m": 28672790.30,
            "Accepted": 524,
            "Rejected": 5,
            "Hardware Errors": 468,
            "Utility": 3.30,
            "Last Share Pool": 0,
            "Last Share Time": 1630742120,
            "Total MH": 277956531733.0000,
            "Diff1 Work": 63200,
            "Difficulty Accepted": 64028672.00000000,
            "Difficulty Rejected": 311296.00000000,
            "Last Share Difficulty": 131072.00000000,
            "Last Valid Work": 1630742128,
            "Device Hardware%": 0.7351,
            "Device Rejected%": 492.5570,
            "Device Elapsed": 9537
        },
        {
            "Name": "C3012",
            "Enabled": "Y",
            "Status": "Alive",
            "Temperature": 0.00,
            "MHS av": 29123261.26,
            "MHS 5s": 25656689.40,
            "MHS 1m": 28456630.65,
            "MHS 5m": 29123551.07,
            "MHS 15m": 29273174.73,
            "Accepted": 526,
            "Rejected": 5,
            "Hardware Errors": 378,
            "Utility": 3.31,
            "Last Share Pool": 0,
            "Last Share Time": 1630742118,
            "Total MH": 277763017742.0000,
            "Diff1 Work": 63156,
            "Difficulty Accepted": 64323584.00000000,
            "Difficulty Rejected": 212992.00000000,
            "Last Share Difficulty": 131072.00000000,
            "Last Valid Work": 1630742128,
            "Device Hardware%": 0.5950,
            "Device Rejected%": 337.2475,
            "Device Elapsed": 9537
        }
    ],
    "id": 1
}