{
    "STATUS": [
        {
            "STATUS": "S",
            "When": 1630742741,
            "Code": 70,
            "Msg": "CGMiner stats",
            "Description": "cgminer 4.10.0"
        }
    ],
    "STATS": [
        {
            "STATS": 0,
            "ID": "C30120",
            "Elapsed": 10150,
            "Calls": 0,
            "Wait": 0.000000,
            "Max": 0.000000,
            "Min": 99999999.000000,
            "Chain ID": "0",
            "Name": "C3012",
            "Enabled": "Y",
            "Status": "Alive",
            "MHS av": 29108691.44,
            "MHS 5s": 31162743.89,
            "MHS 1m": 30517166.66,
            "MHS 5m": 29354164.86,
            "MHS 15m": 29150793.15,
            "Accepted": 568,
            "Rejected": 4,
            "Hardware Errors": 281,
            "Diff1 Work": 67182,
            "Difficulty Accepted": 69206016.00000000,
            "Difficulty Rejected": 114688.00000000,
            "Last Share Difficulty": 131072.00000000,
            "Last Valid Work": 1630742741,
            "Device Hardware%": 0.4165,
            "Device Rejected%": 170.7124,
            "Device Elapsed": 10150,
            "Chain Enabled": "Y",
            "Chain BIN": "2",
            "Chip Count": 120,
            "Device Diff": 1024,
            "Device Freq": 510,
            "Temp Avg": 90.68,
            "Voltage Avg": 328.800,
            "Voltage": 13430.000,
            "Power Consumption": 2996.770,
            "Fan Duty": 48.22,
            "Fan0 Speed": 3600
        },
        {
            "STATS": 1,
            "ID": "C30120",
            "Elapsed": 10150,
            "Calls": 0,
            "Wait": 0.000000,
            "Max": 0.000000,
            "Min": 99999999.000000,
            "Chain ID": "1",
            "Name": "C3012",
            "Enabled": "Y",
            "Status": "Alive",
            "MHS av": 29097425.28,
            "MHS 5s": 31190896.00,
            "MHS 1m": 29795229.76,
            "MHS 5m": 28772604.40,
            "MHS 15m": 28600756.43,
            "Accepted": 550,
            "Rejected": 5,
            "Hardware Errors": 491,
            "Diff1 Work": 67157,
            "Difficulty Accepted": 67436544.00000000,
            "Difficulty Rejected": 311296.00000000,
            "Last Share Difficulty": 131072.00000000,
            "Last Valid Work": 1630742741,
            "Device Hardware%": 0.7258,
            "Device Rejected%": 463.5347,
            "Device Elapsed": 10150,
            "Chain Enabled": "Y",
            "Chain BIN": "",
            "Chip Count": 120,
            "Device Diff": 1024,
            "Device Freq": 510,
            "Temp Avg": 88.04,
            "Voltage Avg": 328.750,
            "Voltage": 13430.000,
            "Power Consumption": 2996.770,
            "Fan Duty": 48.22,
            "Fan0 Speed": 3600
        },
        {
            "STATS": 2,
            "ID": "C30120",
            "Elapsed": 10150,
            "Calls": 0,
            "Wait": 0.000000,
            "Max": 0.000000,
            "Min": 99999999.000000,
            "Chain ID": "2",
            "Name": "C3012",
            "Enabled": "Y",
            "Status": "Alive",
            "MHS av": 29089192.07,
            "MHS 5s": 29464857.24,
            "MHS 1m": 29492123.10,
            "MHS 5m": 28836696.01,
            "MHS 15m": 28953153.74,
            "Accepted": 564,
            "Rejected": 5,
            "Hardware Errors": 397,
            "Diff1 Work": 67138,
            "Difficulty Accepted": 69304320.00000000,
            "Difficulty Rejected": 212992.00000000,
            "Last Share Difficulty": 131072.00000000,
            "Last Valid Work": 1630742741,
            "Device Hardware%": 0.5878,
            "Device Rejected%": 317.2451,
            "Device Elapsed": 10150,
            "Chain Enabled": "Y",
            "Chain BIN": "",
            "Chip Count": 120,
            "Device Diff": 1024,
            "Device Freq": 510,
            "Temp Avg": 91.00,
            "Voltage Avg": 328.429,
            "Voltage": 13430.000,
            "Power Consumption": 2996.770,
            "Fan Duty": 48.22,
            "Fan0 Speed": 3600
        },
        {
            "STATS": 3,
            "ID": "POOL0",
            "Elapsed": 10150,
            "Calls": 0,
            "Wait": 0.000000,
            "Max": 0.000000,
            "Min": 99999999.000000,
            "Pool Calls": 0,
            "Pool Attempts": 0,
            "Pool Wait": 0.000000,
            "Pool Max": 0.000000,
            "Pool Min": 99999999.000000,
            "Pool Av": 0.000000,
            "Work Had Roll Time": false,
            "Work Can Roll": false,
            "Work Had Expire": false,
            "Work Roll Time": 0,
            "Work Diff": 131072.00000000,
            "Min Diff": 8192.00000000,
            "Max Diff": 131072.00000000,
            "Min Diff Count": 1822,
            "Max Diff Count": 972729,
            "Times Sent": 1699,
            "Bytes Sent": 234975,
            "Times Recv": 2299,
            "Bytes Recv": 908468,
            "Net Bytes Sent": 234975,
            "Net Bytes Recv": 908468
        },
        {
            "STATS": 4,
            "ID": "POOL1",
            "Elapsed": 10150,
            "Calls": 0,
            "Wait": 0.000000,
            "Max": 0.000000,
            "Min": 99999999.000000,
            "Pool Calls": 0,
            "Pool Attempts": 0,
            "Pool Wait": 0.000000,
            "Pool Max": 0.000000,
            "Pool Min": 99999999.000000,
            "Pool Av": 0.000000,
            "Work Had Roll Time": false,
            "Work Can Roll": false,
            "Work Had Expire": false,
            "Work Roll Time": 0,
            "Work Diff": 16384.00000000,
            "Min Diff": 16384.00000000,
            "Max Diff": 16384.00000000,
            "Min Diff Count": 1,
            "Max Diff Count": 1,
            "Times Sent": 3,
            "Bytes Sent": 301,
            "Times Recv": 6,
            "Bytes Recv": 2061,
            "Net Bytes Sent": 301,
            "Net Bytes Recv": 2061
        },
        {
            "STATS": 5,
            "ID": "POOL2",
            "Elapsed": 10150,
            "Calls": 0,
            "Wait": 0.000000,
            "Max": 0.000000,
            "Min": 99999999.000000,
            "Pool Calls": 0,
            "Pool Attempts": 0,
            "Pool Wait": 0.000000,
            "Pool Max": 0.000000,
            "Pool Min": 99999999.000000,
            "Pool Av": 0.000000,
            "Work Had Roll Time": false,
            "Work Can Roll": false,
            "Work Had Expire": false,
            "Work Roll Time": 0,
            "Work Diff": 16384.00000000,
            "Min Diff": 16384.00000000,
            "Max Diff": 16384.00000000,
            "Min Diff Count": 1,
            "Max Diff Count": 1,
            "Times Sent": 3,
            "Bytes Sent": 300,
            "Times Recv": 7,
            "Bytes Recv": 3690,
            "Net Bytes Sent": 300,
            "Net Bytes Recv": 3690
        }
    ],
    "id": 1
}