{
    "STATUS": [
        {
            "STATUS": "S",
            "When": 1630230292,
            "Code": 70,
            "Msg": "CGMiner stats",
            "Description": "cgminer 4.10.0"
        }
    ],
    "STATS": [
        {
            "STATS": 0,
            "ID": "C30120",
            "Elapsed": 612,
            "Calls": 0,
            "Wait": 0.000000,
            "Max": 0.000000,
            "Min": 99999999.000000,
            "Chain Enabled": "Y",
            "Chain BIN": "",
            "Chip Count": 120,
            "Device Diff": 1024,
            "Device Freq": 480,
            "Temp Avg": 90.30,
            "Voltage Avg": 338.613,
            "Voltage": 13810.000,
            "Power Consumption": 2960.588,
            "Fan Duty": 49.16,
            "Fan0 Speed": 3480
        },
        {
            "STATS": 1,
            "ID": "C30120",
            "Elapsed": 612,
            "Calls": 0,
            "Wait": 0.000000,
            "Max": 0.000000,
            "Min": 99999999.000000,
            "Chain Enabled": "Y",
            "Chain BIN": "",
            "Chip Count": 120,
            "Device Diff": 1024,
            "Device Freq": 480,
            "Temp Avg": 88.00,
            "Voltage Avg": 338.308,
            "Voltage": 13810.000,
            "Power Consumption": 2960.588,
            "Fan Duty": 49.16,
            "Fan0 Speed": 3480
        },
        {
            "STATS": 2,
            "ID": "C30120",
            "Elapsed": 612,
            "Calls": 0,
            "Wait": 0.000000,
            "Max": 0.000000,
            "Min": 99999999.000000,
            "Chain Enabled": "Y",
            "Chain BIN": "",
            "Chip Count": 120,
            "Device Diff": 1024,
            "Device Freq": 480,
            "Temp Avg": 91.43,
            "Voltage Avg": 338.483,
            "Voltage": 13810.000,
            "Power Consumption": 2960.588,
            "Fan Duty": 49.16,
            "Fan0 Speed": 3480
        },
        {
            "STATS": 3,
            "ID": "POOL0",
            "Elapsed": 612,
            "Calls": 0,
            "Wait": 0.000000,
            "Max": 0.000000,
            "Min": 99999999.000000,
            "Pool Calls": 0,
            "Pool Attempts": 0,
            "Pool Wait": 0.000000,
            "Pool Max": 0.000000,
            "Pool Min": 99999999.000000,
            "Pool Av": 0.000000,
            "Work Had Roll Time": false,
            "Work Can Roll": false,
            "Work Had Expire": false,
            "Work Roll Time": 0,
            "Work Diff": 131072.00000000,
            "Min Diff": 512.00000000,
            "Max Diff": 131072.00000000,
            "Min Diff Count": 3018,
            "Max Diff Count": 52260,
            "Times Sent": 730,
            "Bytes Sent": 99800,
            "Times Recv": 778,
            "Bytes Recv": 87530,
            "Net Bytes Sent": 99800,
            "Net Bytes Recv": 87530
        },
        {
            "STATS": 4,
            "ID": "POOL1",
            "Elapsed": 612,
            "Calls": 0,
            "Wait": 0.000000,
            "Max": 0.000000,
            "Min": 99999999.000000,
            "Pool Calls": 0,
            "Pool Attempts": 0,
            "Pool Wait": 0.000000,
            "Pool Max": 0.000000,
            "Pool Min": 99999999.000000,
            "Pool Av": 0.000000,
            "Work Had Roll Time": false,
            "Work Can Roll": false,
            "Work Had Expire": false,
            "Work Roll Time": 0,
            "Work Diff": 0.00000000,
            "Min Diff": 0.00000000,
            "Max Diff": 0.00000000,
            "Min Diff Count": 0,
            "Max Diff Count": 0,
            "Times Sent": 3,
            "Bytes Sent": 293,
            "Times Recv": 5,
            "Bytes Recv": 1496,
            "Net Bytes Sent": 293,
            "Net Bytes Recv": 1496
        },
        {
            "STATS": 5,
            "ID": "POOL2",
            "Elapsed": 612,
            "Calls": 0,
            "Wait": 0.000000,
            "Max": 0.000000,
            "Min": 99999999.000000,
            "Pool Calls": 0,
            "Pool Attempts": 0,
            "Pool Wait": 0.000000,
            "Pool Max": 0.000000,
            "Pool Min": 99999999.000000,
            "Pool Av": 0.000000,
            "Work Had Roll Time": false,
            "Work Can Roll": false,
            "Work Had Expire": false,
            "Work Roll Time": 0,
            "Work Diff": 0.00000000,
            "Min Diff": 0.00000000,
            "Max Diff": 0.00000000,
            "Min Diff Count": 0,
            "Max Diff Count": 0,
            "Times Sent": 3,
            "Bytes Sent": 293,
            "Times Recv": 6,
            "Bytes Recv": 2695,
            "Net Bytes Sent": 293,
            "Net Bytes Recv": 2695
        }
    ],
    "id": 1
}